ID,title,technique,data,region,exclude,rationale,observations,disturbance,system,goal,intervention,paradigm,grazing,hypothesis,soil,benchmark,comment,notes
1,Litter crusts promote herb species formation by improving surface microhabitats in a desert ecosystem,litter crust ,App.supplementary data,China,no, ,,desertification,sand dune,soil,soil,passive,,soil recovery and plant establishment,physical conditions and nutrient cycling,not clear,potential use,
2,Shrub cover and fire history predict seed bank composition in Great Basin shrublands,soil seed bank,App.supplementary data,"Nevada, USA",no, ,,grazing,shrubland,seed,seed,passive,livestock,rare native species,seed bank,native plant communities,passive restoration,
3,Native-plant amendments and topsoil addition enhance soil function in post-mining arid grasslands,"seeding, soil amendment",App.supplementary data,Australia,no, ,,mining,grassland,vegetation,resources,active,,top soil and plants,"C, N, microbial activity",plant recruitment of key native sp,active restoration,
4,Factors influencing colonisation processes in two contrasting mine sites in the Namib Desert,natural recovery,App.supplementary data,"Namib, Africa",no, ,,mining,desert,vegetation,vegetation,passive,,natural regeneration,no,not clear,natural recovery,
5,Evaluation of the restoration dynamics of the Artemisia terrae-albae communities in the northern part of the Aral Sea region,planting,experiment-control,"Aral Sea, Asia",no, ,,grazing,grassland,vegetation,added vegetation,active,livestock,pastures,chemical composition,not plowed site,climax community,
6,Using Activated Carbon to Limit Herbicide Effects to Seeded Bunchgrass When Revegetating Annual Grass-Invaded Rangelands,"seeding, herbicides, activated carbon",experiment-control,"Oregon, USA",no, ,,exotics,rangeland,vegetation,added vegetation,active,,revegetation,,perennial native grasses,active restoration,
9,Assessment of the effects of phytogenic nebkhas on soil nutrient accumulation and soil microbiological property improvement in semi-arid sandy land,phytogenic mounds (nebkhas),experiments,China,no, ,,desertification,grassland,soil,soil,passive,unreported animal,"soil nutrients, microbiota",nutrients,not clear,potential use,
11,Response of soil enzyme activity to long-term restoration of desertified land,planting,field data,China,no, ,,agriculture,grassland,soil,added vegetation,active,unreported animal,vegetation,nutrients and enzyme,healthy ecosystem,reduce pression on ecosystems,
12,"Spatio-temporal variability of root zone soil moisture in artificially revegetated and natural ecosystems at an arid desert area, NW China","planting, soil moisture",App.supplementary data,China,no, ,,desertification,steppe,soil,added vegetation,active,,vegetation,moisture,not clear,not clear,
13,Effects of habitat alteration on lizard community and food web structure in a desert steppe ecosystem,planting,App.supplementary data,China,no, ,,agriculture,grassland,animal,added vegetation,active,,animal diversity,,not disturbed natural habitats,protection of natural habitats,lizard
15,Natural vegetation cover dynamic under grazing-rotation managements in desert rangelands of Tunisia,grazing treatments,field data,Tunisia,no, ,,grazing,rangeland,vegetation,rotational grazing,passive,livestock,ecosystem productivity and diversity,,resilient rangelands,controlled grazing,
16,Nutrient resorption in Caragana microphylla along a chronosequence of plantations: Implications for desertified land restoration in North China,planting,field data,China,no, ,,desertification,sand dune,soil,added vegetation,active,cattle and sheep,soil nutrients,"ph,N,C,P",not clear,restoration may be accelerated with plantations,
19,Shrub facilitation of desert land restoration in the Horqin Sand Land of Inner Mongolia,fertile islands,field data,China,no, ,,desertification,sand dune,"vegetation, soil",vegetation,passive,livestock,facilitation,physicochemical properties,higher productivity systems,grazing exclusion and plantations,
20,"Recovery of topsoil physicochemical properties in revegetated sites in the sand-burial ecosystems of the Tengger Desert, northern China",planting,field data,China,no, ,,desertification,sand dune,soil,added vegetation,active,,soil conservation,physicochemical properties,desert native steppe,soil conservation,
21,Vegetation diversity and its application in sandy desert revegetation on Tibetan Plateau,sand vegetation,field data,Tibetan Plateau,no, ,,agriculture,grassland,vegetation,added vegetation,active,unreported animal,vegetation and dunes fixation,,not clear,human assistance,
23,China's desertification deconstructed: towards a scientists' model based on long-term perceptions of grassland restoration (1995–2011),ccc framework,field data,China,no, ,,grazing,grassland,vegetation,vegetation,passive,livestock,human perception,,not clear,grazing exclusion,
28,"Responses of soil fungal community to the sandy grassland restoration in Horqin Sandy Land, northern China",soil fungal,field data,China,no, ,,grazing,grassland,soil,soil,passive,unreported animal,soil fungal,physicochemical properties,natural grassland,not clear,
29,Effectiveness of shrub planting and grazing exclusion on degraded sandy grassland restoration in Horqin sandy land in Inner Mongolia,planting,experiments,China,no, ,,desertification,sand dune,"vegetation, soil",added vegetation,active,livestock,vegetation and soil,chemical composition,natural grassland,planting,
30,Response of lizard community structure to desert grassland restoration mediated by a keystone rodent,herbicide,field data,"New Mexico, USA",no, ,,shrub encroachment,shrubland,animal,removed veg,active,,removed veg,,not clear,recovery of animal biodiversity,lizard
31,"Arrival vs. retention of seeds in bare patches in the semi-arid desertified grassland of Inner Mongolia, northeastern China",seed arrival and retention,field data,China,no, ,,desertification,grassland,seed,seed,passive,,seed dispersal,,not clear,natural recovery,arthropods
32,"Effects of different grassland restoration approaches on soil properties in the southeastern Horqin sandy land, northern China",planting,field data,China,no, ,,desertification,grassland,soil,added vegetation,active,unreported animal,vegetation and soil,physicochemical and biological properties,not clear,artificial forested grassland,arthropods
34,"Responses of biomass to the addition of water, nitrogen and phosphorus in Keerqin sandy grassland, Inner Mongolia, China","water, nitrogen and phosphorus",field data,China,no, ,,grazing,grassland,vegetation,resources,passive,unreported animal,vegetation and soil,physicochemical properties,not clear,natural recovery,rodents
35,Grassland-shrubland transformation and grazing: A century-scale view of a northern Chihuahuan Desert grassland,grazing exclusion,App.supplementary data,"New Mexico, USA",no, , ,grazing,grassland,vegetation,vegetation,passive,livestock,vegetation,,grassland before grazing,adaptive management of grazing,pollinators
37,Does shrub invasion indirectly limit grass establishment via seedling herbivory? A test at grassland-shrubland ecotones,seedling herbivory,field data,"New Mexico, USA",no, ,,grazing,grassland,vegetation,vegetation,passive,livestock,herbivory,,grassland ,native grasslands,rodents
39,What stabilizes biological soil crusts in the Negev Desert?,biological soil crusts,field data,Israel,no, ,,soil erosion,desert,soil,soil,passive,,ecosystem,physicochemical properties,not clear,passive restoration,reptiles
40,"Effects of nitrogen, phosphorus and potassium addition on the productivity of a karst grassland: Plant functional group and community perspectives",nutrients addition,App.supplementary data,China,no, ,,desertification,grassland,soil,soil,active,livestock,soil nutrients,nutrients,forest vegetation,active management to restore forest,arthropods
41,Formation of litter crusts and its multifunctional ecological effects in a desert ecosystem,litter crust,field data,China,no, ,,desertification,sand dune,soil,soil,passive,,vegetation and soil,"moisture, temperature, pahysicochemical properties",not clear,natural recovery,rodents
42,Accuracy of space-for-time substitution for vegetation state prediction following shrub restoration,planting,field data,China,no, ,,desertification,sand dune,vegetation,added vegetation,active,livestock,vegetation,,not clear,re-establish natural ecosystem state,
43,The Groot Effect: Plant facilitation and desert shrub regrowth following extensive damage,foundation species,field data,"California, USA",no, ,,canopy removal,shrubland,vegetation,removed veg,passive,,facilitation,,native plant communities,positive interactions,
44,Established Perennial Vegetation Provides High Resistance to Reinvasion by Exotic Annual Grasses,planting,field data,"Oregon, USA",no, ,,exotics ,steppe,vegetation,added vegetation,active,,revegetation,,perennial native grasses,active planting native seedlings,
45,"Introducing a shrub species in a degraded steppe shifts fine root dynamics and soil organic carbon accumulations, in northwest China",planting,App.supplementary data,China,no, ,,soil erosion,steppe,soil,added vegetation,active,unreported animal,soil,physicochemical properties,natural vegetation,chemical process restoration,
46,Landscape genetic approaches to guide native plant restoration in the Mojave Desert:,genetics,Dryad,USA,no, , ,anthropogenic disturbance,desert,vegetation,vegetation,passive,,genetic diversity,,not clear,passive restoration,
48,Evaluating strategies for facilitating native plant establishment in northern Nevada crested wheatgrass seedings,"chemical, mecanical control",field data,"Nevada, USA",no, ,,exotics,rangeland,vegetation,removed veg,active,livestock,native vegetation,,native plant communities,adaptive management approaches,
50,"Ecological restoration in contaminated soils of Kokdzhon phosphate mining area (Zhambyl region, Kazakhstan)",planting,field data,Kazakhstan,no, ,short communication,mining,desert,vegetation,added vegetation,active,,ecological restor-non native planting,heavy metals,not clear,not clear,
51,Effect of naturally vs manually managed restoration on ground-dwelling arthropod communities in a desertified region,planting,field data,China,no, ,,grazing,grassland,animal,added vegetation,active,fenced ,vegetation and soil,physicochemical properties,diverse arthropod community,ecosystem functioning,arthropods
52,Can native annual forbs reduce Bromus tectorum biomass and indirectly facilitate establishment of a native perennial grass?,planting,field data,USA,no, ,,exotics,grassland,vegetation,added vegetation,active,livestock and horses,perennial native grasses,,perennial native grasses,rebuild native community,
53,Restoring the sagebrush component in crested wheatgrass-dominated communities,"planting, glyphosate",field data,"Oregon, USA",no, ,,exotics,steppe,vegetation,added vegetation,active,livestock,native vegetation,,native plant communities,exotics control,
54,Identifying Native Vegetation for Reducing Exotic Species during the Restoration of Desert Ecosystems,"seeding, planting","field data, App.",USA,no, ,,exotics,grassland,vegetation,added vegetation,active,,native vegetation,nutrients,native plant communities,ecosystems dominated by native species,
55,Can resource-use traits predict native vs. exotic plant success in carbon amended soils?,carbon amendments,"field data, App.","California, USA",no, ,,exotics,grassland,vegetation,resources,active,,resources,"C, N",native plant communities,native plant restoration,
58,Cross-spatial-scale patterns in the facilitative effect of shrubs and potential for restoration of desert steppe,facilitation ,field and images,Mongolia,no, ,,grazing,steppe,vegetation,vegetation,passive,livestock,facilitation,,diverse plant community,positive interactions,
59,Post-Fire Control of Invasive Plants Promotes Native Recovery in a Burned Desert Shrubland,"chemical, mecanical control",field data,"California, USA",no, ,,exotics,shrubland,vegetation,removed veg,active,,native vegetation,,native plant communities,native plant restoration,
61,Revegetation of medusahead-invaded sagebrush steppe,"seeding, chemical, burning",field data,"Oregon, USA",no, ,,exotics,rangeland,vegetation,removed veg,active,,native vegetation,,perennial native grasses,native plant restoration,
63,A technology for rapid reconstruction of moss-dominated soil crusts,micropropagation of mosses,experiments,China,no, ,,desertification,desert,soil,soil,active,,soil crusts,nutrients,moss dominated soil crusts,soil restoration,
64,Restoration of species-rich grasslands on ex-arable land: Seed addition outweighs soil fertility reduction,carbon addition-top soil removal-sowing ,App.supplementary data,Netherlands,no, ,,agriculture,agriculture,vegetation,resources,active,,plant and soil community,chemical and microbia properties,rich grasslands,active restoration,
65,"Irrigation and fertilization effects on seed number, size, germination and seedling growth: Implications for desert shrub establishment",fertilization and irrigation,field and greenhouse data,"California, USA",no, ,,stressful soil,shrubland,vegetation,resources,active,,native vegetation,nutrients,native plant communities,not clear,
66,Establishing native grasses in a big sagebrush-dominated site: An intermediate restoration step,"seeding, shrub facilitation",experiments,USA,no, ,,grazing ,rangeland,vegetation,added vegetation,passive,livestock,facilitation,,vegetation before grazing,positive interactions,
68,Spacing and competition between planted grass plugs and preexisting perennial grasses in a restoration site in Oregon,planting,field data,"Oregon, USA",no, ,,grazing,grassland,vegetation,added vegetation,active,cattle,competition,,native plant communities,"active restoration, competence",
69,Rapid vegetation regeneration in a seriously degraded Rhanterium epapposum community in northern Kuwait after 4 years of protection,grazing exclusion,"field data, App.",Kuwait,no, ,,grazing,shrubland,vegetation,vegetation,passive,livestock,vegetation,,vegetation before grazing,passive restoration,
71,"Nurse plants, mycorrhizae, and plant establishment in a disturbed area of the Sonoran Desert",mycorrhizal fungi ,field data,Mexico,no, ,,clearing,shrubland,vegetation,vegetation,passive,,plant-microbe-soil,physicochemical properties,vegetation before disturbance,passive restoration,
73,Ants as indicators of exposure to environmental stressors in North American desert grasslands,ants as indicators,field data,USA,no, ,,"various, grazing, herbicide, soil disturbance",rangeland,animal,vegetation,passive,livestock,ecological indicator,,not clear,passive restoration,arthropods
74,Reestablishment of a rodent community in restored desert scrub,"seeding, planting",field data,"California, USA",no, ,,anthropogenic disturbance,shrubland,animal,added vegetation,active,,rodent communities,,undegraded natural area,recovery of rodent community,"construction of flood structures, rodents"
76,"Going native, going local: revegetating eroded soils on the Falkland Islands using native seeds and farmland waste","sowing, fencing",field data,Falkland Islands,no, ,,grazing,grassland,vegetation,added vegetation,active,cattle and sheep,native vegetation,moisture and temperature,revegetation,active restoration,
77,P-removal for restoration of Nardus grasslands on former agricultural land: cutting traditions,mowing and grazing,"field data, App.",Belgium,no, ,,agriculture,agriculture,vegetation,resources,active,ponies and cows,semi-natural grasslands,"P, N evaluation",semi-natural grasslands,active restoration,
78,Quantifying establishment limitations during the ecological restoration of species-rich Nardus grassland,germination and survival ,"field data, App.",Belgium,no, ,,agriculture,grassland,vegetation,vegetation,passive,,semi-natural grasslands,biogeochemistry,semi-natural grasslands,passive restoration,
80,Assessing the shelf life of cost-efficient conservation plans for species at risk across gradients of agricultural land use,costs,images data,Canada,no, , ,agriculture,agriculture,cost,vegetation,active, ,efficient plans, ,not clear,active restoration,
82,Conversion of cropland to forage land and grassland increases soil labile carbon and enzyme activities in northeastern China,soil carbon and enzyme,field data,China,no, ,,agriculture,agriculture,soil,soil,passive,,soil C and enzyme,"C, enzyme activities",restored grassland,productive grasslands,
84,Response of endemic and exotic earthworm communities to ecological restoration,planting,field data,New Zealand,no, ,,agriculture,agriculture,animal,added vegetation,active,,native vegetation and earthworm,,not clear,native communities,worms
85,Softening the agricultural matrix: A novel agri-environment scheme that balances habitat restoration and livestock grazing,planting,literature,Australia,no, , ,grazing,grassland,vegetation,added vegetation,active,livestock,agroecosystems,,agroecosystems,production and biodiversity,
86,Impacts of prairie grass species restoration on plant community invasibility and soil processes in abandoned agricultural fields,planting,field data,USA,no, ,,agriculture,agriculture,vegetation,added vegetation,active,,invasibility,chemical composition,native plant communities,active restoration,
87,Phosphorus mining for ecological restoration on former agricultural land,fertilization,"field data, App.",Belgium,no, ,,agriculture,agriculture,soil,resources,active,,nutrients,chemical composition,semi-natural grasslands,soil restoration,
88,The response of soil organic carbon and nitrogen 10 years after returning cultivated alpine steppe to grassland by abandonment or reseeding,seeding,field data,China,no, ,,agriculture,agriculture,soil,resources,passive,,nutrients,physicochemical properties,native grasslands,passive and active restoration,
89,Diminishing Returns from Higher Density Restoration Seedings Suggest Trade-offs in Pollinator Seed Mixes,"seeding, pollination","field data, App.","California, USA",no, ,,agriculture,agriculture,animal,added vegetation,active,,positive interaction,,not clear,mixed prairies,pollinators
91,"Effects of local-scale management on herbaceous plant communities in Brigalow (Acacia harpophylla) agroecosystems of southern Queensland, Australia",agroecoystems,App.supplementary data,Australia,no, ,,agriculture,agriculture,vegetation,vegetation,passive,cattle,plant biodiversity,,agroecosystems,biodiversity in agroecosystems,
93,Exotic vs. native plant dominance over 20years of old-field succession on set-aside farmland in Argentina,natural recovery,App.supplementary data,Argentina,no, ,,agriculture,agriculture,vegetation,vegetation,passive,livestock,vegetation,,semi-natural vegetation,novel vegetation states,
95,The effect of restoration methods on the quality of the restoration and resistance to invasion by exotics,sowing and planting,field data,USA,no, ,,agriculture,agriculture,vegetation,added vegetation,active,,native vegetation,,native vegetation remnants,active restoration,
96,Are small rodents key promoters of ecosystem restoration in harsh environments? A case study of abandoned croplands on Mongolian grasslands,rodents,field data,Mongolia,no, ,,agriculture,agriculture,animal,vegetation,passive,livestock,positive interaction,,native vegetation,rehabilitation by rodents,rodents
98,Effects of sowing and management on vegetation succession during grassland habitat restoration,"sowing, cutting, grazing treatments",field data,Scotland,no, ,,agriculture,agriculture,vegetation,added vegetation,active,cattle and sheep,semi-natural grasslands,,semi-natural grasslands,active restoration,
100,Weed control and soil amendment effects on restoration plantings in an Oregon grassland,"seeding, herbicide, nutrients",field data,"Oregon, USA",no, ,,exotics,grassland,vegetation,added vegetation,active,livestock,resources,chemical,native grasslands,active restoration,
101,Spatial Patterns and Natural Recruitment of Native Shrubs in a Semi-arid Sandy Land,natural recovery,field data,China,no, ,,desertification,sand dune,vegetation,vegetation,passive,unreported animal,native vegetation,,stabilized sand land,passive restoration,
104,Establishment of shrub species in a degraded semiarid site after inoculation with native or allochthonous arbuscular mycorrhizal fungi,mycorrhizal inoculation ,experiments,Spain,no, ,,agriculture,agriculture,vegetation,soil,active,unreported animal,mycorrhizal inoculation ,physicochemical properties,native vegetation,active restoration,
105,Fertile island development around perennial shrubs across a mojave desert chronosequence,fertile islands,field data and laboratory,"Arizona, USA",no, ,,anthropogenic disturbance,roadways,soil,soil,passive,,native vegetation,physicochemical properties,undisturbed desert,natural recovery,abandoned roads
106,Summer establishment of sonoran desert species for revegetation of abandoned farmland using line source sprinkler irrigation,"seeding, irrigation",field data,"Arizona, USA",no, ,,agriculture,agriculture,vegetation,added vegetation,active,,irrigation,water addition,revegetation,active restoration,
107,Soil water retention on gold mine surfaces in the Mojave Desert,soil amendments,experiments,"California, USA",no, ,,mining,shrubland,soil,resources,active,,revegetation,water and chemical composition,revegetation,active restoration,
108,Plant and soil recovery along a series of abandoned desert roads,natural recovery,field data,"Nevada, USA",no, ,,anthropogenic disturbance,roadways,"vegetation, soil",vegetation,passive,,vegetation and soil,physicochemical properties,natural community,passive restoration,abandoned roads
109,Desert restoration: revegetation trials on abandoned farmland,"planting, sowing",field data,USA,no, ,,agriculture,agriculture,vegetation,added vegetation,active,,native vegetation,,native vegetation,active restoration,
110,Natural revegetation of a semiarid habitat alters taxonomic and functional diversity of soil microbial communities,soil microbial,"field data, App.",China,no, ,,agriculture,agriculture,soil,soil,passive,,microbial,chemical composition,revegetation,passive restoration,microbial
111,"Effects of legume species introduction on vegetation and soil nutrient development on abandoned croplands in a semi-arid environment on the Loess Plateau, China",planting,field data,China,no, ,,agriculture,agriculture,"vegetation, soil",added vegetation,active,,vegetation and soil,chemical composition,revegetation,active restoration,
112,"Native plant regeneration on abandoned desert farmland: Effects of irrigation, soil preparation, and amendments on seedling establishment","seeding, irrigation",field data,"Arizona, USA",no, ,,agriculture,agriculture,vegetation,added vegetation,active,,irrigation,mulch and phosphate addition,native vegetation,active restoration,
114,Transplanting native plants to revegetate abandoned farmland in the western Mojave Desert,planting,field data,"California, USA",no, ,,agriculture,agriculture,vegetation,added vegetation,active,herbivory,transplants,chemical composition,native vegetation,active restoration,
115,"The effect of grazing exclusion over time on structure, biodiversity, and regeneration of high nature value farmland ecosystems in Europe",grazing exclusion,field data,Portugal,no, ,,grazing,savannah,vegetation,vegetation,passive,cattle,fencing,,native vegetation,passive restoration,
118,Edaphic constraints on seed germination and emergence of three Acacia species for dryland restoration in Saudi Arabia,seeding,field data,Saudi Arabia,no, ,,desertification,rangeland,"vegetation, soil",added vegetation,active,unreported animal,native vegetation,physical attributes,revegetation,active restoration,
119,Response of degraded vegetation to introduction of prescribed burning or mowing management in a Mongolian steppe,burning and mowing,field data,Mongolia,no, ,,grazing,steppe,vegetation,removed veg,active,livestock,native grasslands,chemical composition,native grasslands,active restoration,
120,The relative importance of habitat quality and landscape context for reptiles in regenerating landscapes,habitat for reptiles,"field data, App.",Australia,no, ,,agriculture,woodland,animal,vegetation,passive,cattle and sheep,habitat for reptiles,,not clear,animal species recovery,reptiles
121,Factors affecting the recovery of abandoned semi-arid fields after legume introduction on the Loess Plateau,planting,"field data, App.",China,no, ,,agriculture,agriculture,vegetation,added vegetation,active,,vegetation and soil,chemical composition,native vegetation,active restoration,
126,Surprisingly fast recovery of biological soil crusts following livestock removal in southern Australia,grazing exclusion,"field data, App.",Australia,no, ,,grazing,woodland,biological soil crusts,vegetation,passive,livestock,fencing,nutrients,crusts of little disturbed sites,passive restoration,
127,Vegetation succession in reclaimed coal-mining slopes in a Mediterranean-dry environment,"seeding, soil amendment","field data, App.",Spain,no, ,,mining,shrubland,vegetation,added vegetation,active,sheep,vegetation,chemical composition,not clear,active restoration,
128,Establishment of native perennial shrubs in an agricultural landscape,natural recovery,field and lab data,Australia,no, ,,agriculture,agriculture,vegetation,vegetation,passive,livestock,natural regeneration,,native grasslands,passive restoration,
129,Seed inoculation with effective root-nodule bacteria enhances revegetation success,"seeding, inoculation",field data,Australia,no, ,,clearing,woodland,vegetation,added vegetation,active,unreported animal,"seeding, inoculation",,revegetation,active restoration,
130,Dominant plant species shape soil bacterial community in semiarid sandy land of northern China,soil bacterial community,lab,China,no, , ,desertification,grassland,soil ,added vegetation,passive,unreported animal,plant-microbe-soil,physicochemical properties,revegetation,passive restoration,
132,Optimizing seed mixture diversity and seeding rates for grassland restoration,seeding,"field data, App.",USA,no, ,,clearing,grassland,vegetation,added vegetation,active,,seeding,,plant diversity,active restoration,
133,Land-use types and soil chemical properties influence soil microbial communities in the semiarid Loess Plateau region in China,soil microbial ,lab,China,no, ,,land-use changes,steppe,soil,soil,passive,,microbial,microbial and chemical properties,natural vegetation,passive restoration,microbial
134,"Use of shelter tubes, grass-specific herbicide, and herbivore exclosures to reduce stressors and improve restoration of semiarid thornscrub forests","herbicide, herbivore exclosures, and shelter tubes","field data, App.","Texas, USA",no, ,,land-use changes,forest,vegetation,added vegetation,active,,native vegetation,,native vegetation,active restoration,
135,Factors limiting vegetation recovery processes after cessation of cropping in a semiarid grassland in Mongolia,natural recovery,field data,Mongolia,no, ,,agriculture,forest,vegetation,vegetation,passive,livestock,natural regeneration,physicochemical properties,native vegetation,passive restoration,
139,Effects of different vegetation restoration on soil water storage and water balance in the Chinese Loess Plateau,planting,field data,China,no, ,,agriculture,grassland,soil,added vegetation,active,,soil water,water,afforestation,active restoration,
141,Accumulation of soil organic carbon during natural restoration of desertified grassland in China’s Horqin Sandy Land,grazing exclusion,field and lab data,China,no, ,,desertification,grassland,soil,resources,passive,sheep,soil nutrients,carbon storage,natural recovery,passive restoration,
142,Managing contingency in semiarid grassland restoration through repeated planting,planting ,"field data, App.",USA,no, ,,agriculture,agriculture,vegetation,added vegetation,active,,native vegetation,,native vegetation,active restoration,
143,Mowing Reduces Exotic Annual Grasses but Increases Exotic Forbs in a Semiarid Grassland,"seeding, mowing","field data, App.",USA,no, ,,exotics,grassland,vegetation,removed veg,active,,native perennial grasses,,native grasslands,active restoration,
145,Shade shelters increase survival and photosynthetic performance of oak transplants at abandoned fields in semi-arid climates,planting,field data,Mexico,no, ,,deforestation,forest,vegetation,added vegetation,active,,native vegetation,,native vegetation,active restoration,
146,"Effects of nurse shrubs and tree shelters on the survival and growth of two Austrocedrus chilensis seedling types in a forest restoration trial in semiarid Patagonia, Argentina",planting,field data,Argentina,no, ,,deforestation,forest,vegetation,added vegetation,active,unreported animal,facilitation ,temperature and moisture,native vegetation,active restoration,
147,Plant Community Recovery Following Restoration in Semiarid Grasslands,seeding ,"field data, App.",USA,no, ,,agriculture,agriculture,vegetation,added vegetation,active,unreported animal,native vegetation,,undisturbed plant community,active restoration,
148,Distribution of soil carbon and nitrogen along a revegetational succession on the Loess Plateau of China,soil nutrients,field data,China,no, ,,soil erosion,grassland,soil,added vegetation,active,livestock,soil nutrients,"C, N",revegetation,active restoration,
149,"The use of seedbed modifications and wood chips to accelerate restoration of well pad sites in western colorado, U.S.A.","seeding, soil amendment",field data,USA,no, ,,anthropogenic disturbance,shrubland,"vegetation, soil",added vegetation,active,,native vegetation,chemical composition,native vegetation,active restoration,natural gas exploration
151,Use of biostimulants on soil restoration: Effects on soil biochemical properties and microbial community,biostimulants,experiments,Spain,no, ,,soil erosion,mediterranean,soil,resources,active,,soil microbial,biostimulants,microbial and vegetation recovery,active restoration,
152,"Short-Term and Long-Term Effects of Soil Ripping, Seeding, and Fertilization on the Restoration of a Tropical Rangeland","seeding, soil tilling, fertilization",experiments,Africa,no, ,,grazing,rangeland,vegetation,added vegetation,active,livestock,native vegetation,compactness and infiltration,native vegetation,active restoration,
153,Factors Affecting Revegetation of Oil Field Access Roads in Semiarid Grassland,seeding,field data,USA,no, ,,anthropogenic disturbance,roadways,vegetation,added vegetation,active,,vegetation,,pre-disturbance condition,monitoring restoration,roads
154,The Influence of Historical Land Use and Water Availability on Grassland Restoration,water addition,"field data, App.",China,no, ,,agriculture,agriculture,vegetation,resources,active,unreported animal,vegetation,physicochemical properties,undisturbed community,active restoration,
155,Arthropod and plant communities as indicators of land rehabilitation effectiveness in a semiarid shrubsteppe,"seeding, fire",field data,USA,no, ,,exotics,steppe,animal,added vegetation,active,,native vegetation and arthropods,,undisturbed plant community,ecosystem restoration,arthropods
157,Comparing direct abiotic amelioration and facilitation as tools for restoration of semiarid grasslands,"planting, soil amelioration",field data,Spain,no, ,,desertification,grassland,"vegetation, soil",added vegetation,active,livestock,native vegetation,chemical composition,pre-disturbance condition,active restoration,
160,Native perennial grasses in highway medians: Pre- and postplant techniques for establishment in a mediterranean climate,"seeding, herbicide",field data,USA,no, ,,anthropogenic disturbance,roadways,vegetation,removed veg,active,,native perennial grasses,physicochemical properties,native vegetation,active restoration,roadsides
161,Restoration of palatable grasses: A study case in degraded rangelands of central Argentina,mechanical disturbance and seeding,field data,Argentina,no, ,short communication,grazing,rangeland,vegetation,added vegetation,active,livestock,palatable grasses,,palatable grasses,active restoration,
162,Road slope revegetation in semiarid mediterranean environments. Part I: Seed dispersal and spontaneous colonization,natural recovery,field data,Spain,no, ,,anthropogenic disturbance,roadways,vegetation,vegetation,passive,,seed dispersal,,revegetation,passive restoration,road slopes
164,"Are ecosystem composition, structure, and functional status related to restoration success? A test from semiarid mediterranean steppes",planting,field data,Spain,no, ,,anthropogenic disturbance,steppe,"vegetation, soil",added vegetation,active,,ecosystem,physicochemical properties,native vegetation,active restoration,
166,Implications of plant density on the resulting community structure of mine site land,seeding,experiments,Australia,no, ,,mining,shrubland,vegetation,added vegetation,active,,revegetation,no,diverse community,active restoration,
167,Semiarid old-field restoration: Is neighbor control needed?,"seeding, mowing and herbicide, mulching (straw and sawdust)",experiments,Canada,no, ,,agriculture,agriculture,vegetation,added vegetation,active,,native grasses,chemical composition,native vegetation,active restoration,
168,Medium-term effects of mycorrhizal inoculation and composted municipal waste addition on the establishment of two Mediterranean shrub species under semiarid field conditions,"planting, composted addition, mycorrhizal inoculation",experiments,Spain,no, ,,desertification,mediterranean,vegetation,added vegetation,active,,native vegetation and soil,physicochemical properties,revegetation,active restoration,
169,"Contingency of grassland restoration on year, site, and competition from introduced grasses",seeding,experiments,USA,no, ,,exotics,grassland,vegetation,added vegetation,active,,native vegetation,,native vegetation,active restoration,
170,"Grazing exclusion-induced shifts, the relative importance of environmental filtering, biotic interactions and dispersal limitation in shaping desert steppe communities, northern China",grazing exclusion,"field data, App.",China,no, ,,grazing,steppe,"vegetation, soil",vegetation,passive,sheep,vegetation and soil,physicochemical properties,biomass,passive restoration,
171,"Seeding alters plant community trajectory: Impacts of seeding, grazing and trampling on semi-arid re-vegetation",seeding,"field data, App.",USA,no, ,,anthropogenic disturbance,grassland,vegetation,added vegetation,active,cattle,native vegetation,,undisturbed vegetation,active restoration,industries
179,Long-Term revegetation success of severely degraded chenopod shrublands,seeding,field data,Australia,no, ,success,grazing,grassland,vegetation,added vegetation,active,livestock,native vegetation,no,not clear,active restoration,
180,Restoring productive rangelands: A comparative assessment of selective and non-selective chemical bush control in a semi-arid Kalahari savanna,chemical control,App.supplementary data,Africa,no, ,,shrub encroachment,savannah,vegetation,removed veg,active,livestock,grasslands ,,productive savanna,active restoration,
182,The combination of quarry restoration strategies in semiarid climate induces different responses in biochemical and microbiological soil properties,"planting, soil amelioration",field data,Spain,no, ,,mining,mediterranean,soil,added vegetation,active,,vegetation and soil,chemical and microbia properties,undisturbed soil,active restoration,
188,Indicators of landscape organization and functionality in semi-arid former agricultural lands under a passive restoration management over two periods of abandonment,natural recovery,field data,Argentina,no, ,,agriculture,agriculture,vegetation,vegetation,passive,,native vegetation,physicochemical properties,not clear,passive restoration,
193,The role of resource limitation in restoration of sagebrush ecosystems dominated by cheatgrass (Bromus tectorum),"seeding, nutrients",experiments,USA,no, ,,exotics,grassland,"vegetation, soil",added vegetation,active,cattle,native vegetation,litter and N meassured,not clear,active restoration,
194,"Restoring a desert ecosystem using soil salvage, revegetation, and irrigation","seeding, irrigation",App.supplementary data,USA,no, ,,anthropogenic disturbance,shrubland,vegetation,added vegetation,active,,native perennial vegetation,topsoil salvage,undisturbed desert,active restoration,road construction
195,Effects of regenerating vegetation on soil enzyme activity and microbial structure in reclaimed soils on a surface coal mine site,"planting, microbial ",App.supplementary data,China,no, ,,mining,grassland,soil,added vegetation,active,,vegetation and soil,"chemical, enzyme and microbial meassures",not clear,active restoration,
197,Evaluating nurse plants for restoring native woody species to degraded subtropical woodlands,planting,"field data, App.",Hawai,no, ,subtropical woodlands,exotics,woodland,vegetation,added vegetation,active,,facilitation,physicochemical properties,not clear,active restoration,
202,Restoring for the present or restoring for the future: Enhanced performance of two sympatric oaks (Quercus ilex and Quercus pyrenaica) above the current forest limit,planting,"field data, App.",Spain,no, ,success,anthropogenic disturbance,forest,vegetation,added vegetation,active,,native vegetation,physicochemical properties,not clear,active restoration,human exploitation
204,"Response of temporal variation of soil moisture to vegetation restoration in semi-arid Loess Plateau, China",planting,field data,China,no, ,,anthropogenic disturbance,grassland,soil,added vegetation,active,,vegetation cover,moisture,not clear,active restoration,
206,"Arid old-field restoration: Native perennial grasses suppress weeds and erosion, but also suppress native shrubs","seeding, irrigation",App.supplementary data,"Nevada, USA",no, ,,agriculture,agriculture,vegetation,added vegetation,active,cattle,perennial vegetation,water addition,native vegetation,active restoration,
207,Effects of fencing on vegetation and soil restoration in a degraded alkaline grassland in northeast China,grazing exclusion,field data,China,no, ,,grazing,grassland,"vegetation, soil",vegetation,passive,livestock,fencing,chemical composition,pre-disturbance condition,passive restoration,
209,Assessing degradation of abandoned farmlands for conservation of the monte desert biome in Argentina,natural recovery,field data,Argentina,no, ,,agriculture,agriculture,"vegetation, soil",vegetation,passive,livestock,native vegetation,physicochemical properties,not clear,passive restoration,
210,Long-term outcome of nitrogen immobilization to restore endemic sand grassland in Hungary,carbon amendment,field data,Hungary,no, ,,agriculture,agriculture,soil,resources,active,,native vegetation and soil,chemical and microbia properties,native grasslands,active restoration,
211,Restoration of exotic annual grass-invaded rangelands: Importance of seed mix composition,"seeding, herbicide",field data,"Oregon, USA",no, ,,exotics,rangeland,vegetation,added vegetation,active,,perennial vegetation,,perennial vegetation,active restoration,
212,Effectiveness of Low-Cost Planting Techniques for Improving Water Availability to Olea europaea Seedlings in Degraded Drylands,planting,"field data, App.",Spain,no, ,,stressful soil,shrubland,vegetation,resources,active,,vegetation,moisture,not clear,active restoration,
213,"Potential of Native Shrubs Haloxylon salicornicum and Calligonum Polygonoides for Restoration of Degraded Lands in Arid Western Rajasthan, India",planting,field data,India,no, ,,desertification,shrubland,soil,added vegetation,active,cattle,native vegetation and soil,physiochemical properties,native vegetation and soil retention,active restoration,
214,Restoring abandoned agricultural lands in cold desert shrublands: Tradeoffs between water availability and invasive species,"planting, irrigation, mulch",field data,"Nevada, USA",no, ,,agriculture,agriculture,vegetation,resources,active,,native vegetation,mulch and water addition,not clear,active restoration,
218,"Effects of vegetation restoration types on soil quality in Yuanmou dry-hot valley, China",planting,field data,China,no, ,,soil erosion,savannah,soil,added vegetation,active,,vegetation and soil,chemical and microbia properties,not clear,active restoration,
219,"Abiotic and biotic recovery pathways of arid rangelands: Lessons from the High Atlas Mountains, Morocco",grazing exclusion,field data,Morocco,no, ,,grazing,rangeland,vegetation,vegetation,passive,livestock,vegetation and soil,chemical composition,soil and vegetation recovery,passive restoration,
220,Nurse effect and herbivory exclusion facilitate plant colonization in abandoned mine tailings storage facilities in north-central Chile,nurse plants,field data,Chile,no, ,,mining,shrubland,vegetation,vegetation,passive,unreported animal,facilitation,physicochemical properties,vegetation cover,passive restoration,
221,Ecosystem Services from Keystone Species: Diversionary Seeding and Seed-Caching Desert Rodents Can Enhance Indian Ricegrass Seedling Establishment,seed caching rodents,field data,USA,no, ,,exotics,rangeland,vegetation,vegetation,passive,,seed dispersal,,not clear,passive restoration,
223,Role of nurse shrubs in restoration of an arid rangeland: Effects of microclimate on grass establishment,nurse plants,App.supplementary data,Iran,no, ,,grazing,rangeland,vegetation,vegetation,passive,unreported animal,facilitation,no,not clear,passive restoration,
229,Influence of Grazing on Soil Seed Banks Determines the Restoration Potential of Aboveground Vegetation in a Semi-arid Savanna of Ethiopia,soil seed bank,"field data, App.",Africa,no, ,,grazing,rangeland,seed,seed,passive,livestock,native perennial grasses,seed bank,original light grazing situation,passive restoration,
230,Active restoration of woody canopy dominants in degraded South African semi-arid thicket is neither ecologically nor economically feasible,planting,"field data, App.",Africa,no, ,,browsing,forest,vegetation,added vegetation,active,goat,native woody vegetation,,intact site,active restoration,costs
231,Plant volatiles inhibit restoration of plant species communities in dry grassland,grazing exclusion,App.supplementary data,Mongolia,no, ,,grazing,grassland,vegetation,vegetation,passive,sheep and goats,palatable grasses,,not clear,passive restoration,
232,Seasonal priority effects: Implications for invasion and restoration in a semi-arid system,irrigation,field and experiments,"California, USA",no, ,suggest pre-growing season watering event ,exotics,shrubland,vegetation,resources,active,,native vegetation,water addition,native vegetation,active restoration,
233,Soil moisture enhancement techniques aid shrub transplant success in an arid shrubland restoration,"planting, mycorrhiza, hydrogel, wood obstruction",field data,USA,no, ,,exotics,shrubland,vegetation,resources,active,,native perennial vegetation,,not clear,active restoration,
235,Supplementing seed banks to rehabilitate disturbed Mojave Desert shrublands: Where do all the seeds go?,"seeding, tackifier, harrowed",field data,"California, USA",no, ,,anthropogenic disturbance,shrubland,seed,seed,active,,vegetation,seed bank,pre-disturbance conditions,active restoration,military training area
238,Land restoration by fodder shrubs in a semi-arid agro-pastoral area of Morocco. Effects on soils,planting,field data,Morocco,no, ,,grazing,rangeland,soil,added vegetation,active,livestock,palatable vegetation,chemical properties,rangeland rehabilitation,active restoration,
239,Can native vegetation recover after slash pine cultivation in the Brazilian Savanna?,natural recovery,field data,Brazil,no, ,,agriculture,savannah,vegetation,vegetation,passive,cattle,natural regeneration,moisture,native vegetation recovery,natural regeneration,forestry
240,The roles of exotic grasses and forbs when restoring native species to highly invaded southern California annual grassland,"seeding, mechanical control",experiments,"California, USA",no, ,,exotics,grassland,vegetation,removed veg,active,,native vegetation,,native vegetation,active restoration,
241,Spatio-temporal variation in the effect of herbaceous layer on woody seedling survival in a Chilean mediterranean ecosystem,planting,field data,Chile,no, ,,exotics,mediterranean,vegetation,added vegetation,active,cattle,facilitation,moisture,not clear,passive restoration,
242,"A comparison of soil qualities of different revegetation types in the Loess Plateau, China",planting,experiments,China,no, ,,agriculture,agriculture,soil,added vegetation,active,,soil quality,physicochemical and microbial properties,not clear,active restoration,
243,Demographic processes limiting seedling recruitment in arid grassland restoration,seeding,"experiments, App.","Oregon, USA",no, ,,exotics,steppe,vegetation,added vegetation,active,,native vegetation,physicochemical properties,not clear,active restoration,
244,Using hydrogel and clay to improve the water status of seedlings for dryland restoration,"planting, clay and hydrogel ",field and experiments,Spain,no, ,,anthropogenic disturbance,woodland,vegetation,resources,active,,native vegetation,no,not clear,active restoration,
245,"Drought tolerance in two perennial bunchgrasses used for restoration in the Intermountain West, USA",planting,experiments,USA,no, ,,exotics,grassland,vegetation,resources,active,,native perennial grasses,water content,not clear,active restoration,
246,Does shelter enhance early seedling survival in dry environments? A test with eight Mediterranean species,shelters,experiments,Spain,no, ,,anthropogenic disturbance,shrubland,vegetation,added vegetation,active,unreported animal,seedlings protection,,not clear,active restoration,deforestation
247,Changes in soil physico-chemical and microbiological properties during natural succession on abandoned farmland in the Loess Plateau,natural recovery,lab,China,no, ,,agriculture,agriculture,soil,soil,passive,unreported animal,vegetation and soil,physicochemical and microbial properties,soil properties of native forests,passive restoration,
248,The effects of restoration on soil properties in degraded land in the semi-arid region of Turkey,planting,experiments and lab,Turkey,no, ,,soil erosion,forest,soil,added vegetation,active,,resources,physicochemical properties,not clear,active restoration,
250,"Using hydrogel filled, embedded tubes to sustain grass transplants for arid land restoration","planting, irrigation, hydrogels",experiments,USA,no, ,,anthropogenic disturbance,rangeland,vegetation,resources,active,,vegetation cover,water addition,not clear,active restoration,
251,"Vegetation restoration of secondary bare saline-alkali patches in the Songnen plain, China","seeding, constructing safe sites, retaining seed movement",experiments,China,no, ,costs,grazing,grassland,vegetation,added vegetation,active,unreported animal,vegetation,seed bank,not clear,active restoration,
252,Potential of kochia prostrata and perennial grasses for rangeland restoration in Jordan,seeding,experiments,Jordan,no, ,research note,grazing,rangeland,vegetation,added vegetation,active,livestock,forage,,not clear,active restoration,
253,"Limitations to postfire seedling establishment: The role of seeding technology, water availability, and invasive plant abundance","seeding, irrigation",experiments,USA,no, ,,wildfire,rangeland,vegetation,added vegetation,active,,native vegetation,texture and microtopography,not clear,active restoration,
254,Salinity tolerance and mycorrhizal responsiveness of native xeroriparian plants in semi-arid western USA,"planting, fungal inoculation",experiments,USA,no, ,riparian,exotics,xeroriparian,vegetation,resources,active,,native vegetation,mycorrhizal inoculation,not clear,active restoration,
255,The effects of exclosures in restoring degraded semi-arid vegetation in communal grazing lands in northern Ethiopia,grazing exclusion,field data,Africa,no, ,,grazing,rangeland,vegetation,vegetation,passive,livestock,vegetation cover,,not clear,passive restoration,
256,"Differences of arbuscular mycorrhizal fungal diversity and community between a cultivated land, an old field, and a never-cultivated field in a hot and arid ecosystem of southwest China",mycorrhizal fungi,lab,China,no, ,,agriculture,agriculture,soil,soil,passive,unreported animal,soil fungal,physicochemical properties,fungi of non-cultivated fields,passive restoration,
259,Restoration of species diversity in semi-arid sandy land degraded by overgrazing and cultivation,grazing exclusion,field data,China,no, ,,grazing,rangeland,vegetation,vegetation,passive,unreported animal,natural regeneration,,not clear,passive restoration,
262,Revegetation of bare patches in a semi-arid rangeland of South Africa: An evaluation of various techniques," seeding, hollows-dyker plough, furrows-ripper/sub-soiler and walking-stick planter",eperiments,Africa,no, ,,grazing,rangeland,"vegetation, soil",added vegetation,active,unreported animal,rangeland ecosystem,,stable vegetation to deliver animal production.,active restoration,
263,The importance of phytogenic mounds (Nebkhas) for restoration of arid degraded rangelands in Northern Sinai,phytogenic mounds (nebkhas),"field data, App.",Africa,no, ,,grazing,rangeland,vegetation,vegetation,passive,unreported animal,vegetation and soil,temperature and moisture,not clear,passive restoration,
264,"Evaluation of restoration techniques for the Succulent Karoo, South Africa","seeding, gypsum (CaSO4) and organic mulch",field data,Africa,no, ,,grazing,rangeland,"vegetation, soil",added vegetation,active,livestock,soil hydraulic conductivity and infiltration,gypsum and mulching addition,not clear,active restoration,
267,Potential for using facilitation by grasses to establish shrubs on a semiarid degraded steppe,facilitation ,field data,Spain,no, ,,anthropogenic disturbance,steppe,vegetation,resources,passive,,facilitation,"temperature, moisture, chemical properties",not clear,passive restoration,
268,The effects of irrigation on revegetation of semi-arid coastal sage scrub in Southern California,irrigation,field data,"California, USA",no, ,,anthropogenic disturbance,shrubland,vegetation,resources,active,,native vegetation,water addition,not clear,active restoration,
269,"Restoring the vegetation of mined peatlands in the Southern Rocky Mountains of Colorado, U.S.A.","seeding, planting",field data,USA,no, ,,mining,steppe,vegetation,added vegetation,active,livestock,vegetation,no,not clear,active restoration,
271,Patch creation by fossorial rodents: A key process in the revegetation of phytotoxic arid soils,natural recovery,"field data, App.",Africa,no, ,,mining,shrubland,animal,vegetation,passive,sheep,natural regeneration,"ph, electrical conductivity, microbial",not clear,passive restoration,rodents
274,Atwell Island Restoration Project Activities 2000-2010,"seeding, micro-topographic relief, fire, grazing","field data, App.","California, USA",no, ,grey literature,agriculture,agriculture,vegetation,added vegetation,active,livestock,native vegetation,"fallowing, disking, micro-topography",native vegetation,active restoration,
275,Central Valley Project Improvement Act Land Retirement Demonstration Project,"irrigation, planting, weed control","field data, App.","California, USA",no, ,grey literature,agriculture,agriculture,vegetation,added vegetation,active,,native vegetation,"salt-remediation products, seed coatings, and mycorrhizal inoculation",native vegetation,active restoration,
276,"Efficacy of habitat reclamation for endangered species at the Elk hills oil field, California","seeding, ripped, disked, fertilization",field data,"California, USA",no, ,"grey literature, success-costs",anthropogenic disturbance,grassland,vegetation,added vegetation,active,,habitat for endangered species,"ripped, disked",undisturbed sites,active restoration,oil and gas fields
277,Restoration efforts of Atriplex canescens,"seeding, grazing",field data,"California, USA",no, ,grey literature,exotics,shrubland,vegetation,added vegetation,active,sheep,native species,,not clear,active restoration,solar power plant installation
278,"California Valley Solar Ranch San Luis Obispo County, CA","seeding, tillage, weed suppression",field data,"California, USA",no, ,grey literature,anthropogenic disturbance,shrubland,vegetation,added vegetation,active,livestock,native shrubland habitat,tillage,valley saltbush scrub community,active restoration,solar power plant installation
7,"Ecosystem water imbalances created during ecological restoration by afforestation in China, and lessons for other developing countries",afforestation-water balance,afforestation-natural vegetation,China,yes ,not drylands,, ,,,,, , , , , ,
8,Application of a Gondwanan perspective to restore ecological integrity in the south-western Australian global biodiversity hotspot,conservation emphasizes,no,Australia,yes ,no data,, ,,,,, , , , , ,
10,"Linking the soil moisture distribution pattern to dynamic processes along slope transects in the Loess Plateau, China",soil moisture-land cover type,field data,China,yes ,not restoration,, ,,,,, , , , , ,
14,Interaction of ecological and social factors affects vegetation recovery in China,impacts of climate change and human activities on ecological restoration,remote sensing,China,yes ,not drylands,, ,,,,, , , , , ,
17,The restoration of vegetation cover in the semi-arid Iberian southeast,restoration of vegetation,App.supplementary data,Iberian,yes ,review,, ,,,,, , , , , ,
18,Transformation of the soil-vegetation cover in carrier rocket first-stage impact areas,effects of rockets on vegetation,field data,Kazakhstan,yes ,no data, , ,,,,, , , , , ,
22,El Niño as a window of opportunity for the restoration of degraded arid ecosystems,El Niño,no,South,yes ,review,, ,,,,, , , , , ,
24,Seed germination traits of desert perennials,germination requirements of species required for restoration,experiments,Australia,yes ,not restoration, , ,,,,, , , , , ,
25,Soil organic carbon dynamics in Xilingol grassland of northern China induced by the Beijing-Tianjin Sand Source Control Program,restoration program-evaluation of carbon sequestration,database,China,yes ,not drylands, , ,,,,, , , , , ,
26,"Social–ecological dynamics of change and restoration attempts in the Chihuahuan Desert grasslands of Janos Biosphere Reserve, Mexico",social perception of a Biosphere Reserve,synthesis and interviews,Mexico,yes ,no data,, ,,,,, , , , , ,
27,"Relative contribution of climate change and human activities to vegetation degradation and restoration in North Xinjiang, China",climate change and human activities on veg restor and degradation,"geo-spatial, meteorological data",China,yes ,no data ,, ,,,,, , , , , ,
33,"Climax and ""original capacity"": The science and aesthetics of ecological restoration in the southwestern USA",history of restoration practices,no,USA,yes ,no data,, ,,,,, , , , , ,
36,Rangeland degradation and restoration management in China,background of rangeland restoration,no,China,yes ,no data,, ,,,,, , , , , ,
38,"Degraded ecosystems in China: Status, causes, and restoration efforts",review,no,China,yes ,review,, ,,,,, , , , , ,
47,Rehabilitation of degraded dryland ecosystems – review,current state-of-knowledge about rehabilitation of degraded drylands,no,drylands,yes ,review,, ,,,,, , , , , ,
49,Seed germination of seven desert plants and implications for vegetation restoration,seed germination responses and implications for vegetation restoration,lab,China,yes ,not restoration, , ,,,,, , , , , ,
56,Plasticity tradeoffs in salt tolerance mechanisms among desert Distichlis spicata genotypes,salinity tolerance of diverse genotypes used for restoration,experiments,"California, USA",yes ,not restoration, , ,,,,, , , , , ,
57,Resistance to invasion and resilience to fire in desert shrublands of North America,"settlements, species introduction and fire",no,USA,yes ,no data,, ,,,,, , , , , ,
60,Transplant survivorship of bryophyte soil crusts in the mojave desert,transplant experiments for restoration of biological soil crusts,experiments,USA,yes ,not restoration, , ,,,,, , , , , ,
62,"China's primary programs of terrestrial ecosystem restoration: Initiation, implementation, and challenges",restoration programs in China,no,China,yes ,no data ,, ,,,,, , , , , ,
67,"Restoring the Great Basin Desert, U.S.A.: Integrating science, management, and people",Great Basin Restoration,no,USA,yes ,no data,, ,,,,, , , , , ,
70,El Niño effects on the dynamics of terrestrial ecosystems,El Niño,no,South,yes ,review,, ,,,,, , , , , ,
72,Anthropogenic degradation of the southern California desert ecosystem and prospects for natural recovery and restoration,degradation of californian deserts,no,"California, USA",yes ,no data,, ,,,,, , , , , ,
75,Vegetation restoration in the Chihuahuan and Sonoran deserts of North America.,restoration efforts,no,USA,yes ,no data,, ,,,,, , , , , ,
79,Restoring at landscape scales: Interview with Andrew Bennett,interview about conservation of Australian native fauna,no,Australia,yes ,no data,, ,,,,, , , , , ,
81,Factors affecting soil seed banks of riparian communities in an agricultural ecosystem: potential for conservation of native plant diversity,effects of land use an N to seed bank,"field data, App.",Canada,yes ,not drylands,, ,,,,, , , , , ,
83,Incorporating resilience and cost in ecological restoration strategies at landscape scale,restoration costs,no,Brazil,yes ,not drylands, , ,,,,, , , , , ,
90,Soil disturbance as a restoration measure in dry sandy grasslands,soil disturbance as a restoration measure,literature,drylands,yes ,review,, ,,,,, , , , , ,
92,Planning for Implementation: Landscape-Level Restoration Planning in an Agricultural Setting,framework for identifying and prioritizing restoration opportunities,GIS algorithm,Canada,yes ,not drylands, , ,,,,, , , , , ,
94,Ecological restoration of cleared agricultural land in Gondwana Link: lifting the bar at 'Peniup',"peniup, restoration project",summary of results,Australia,yes ,no data,, ,,,,, , , , , ,
97,"Unexpected outcomes and adaptive restoration in Michoacán, Mexico: A cautionary tale from sites with complex disturbance histories",mulch to restore volcanic lands,no data,Mexico,yes ,no data, , ,,,,, , , , , ,
99,Ensuring the future of the Namib's biodiversity: Ecological restoration as a key management response to a mining boom,analyses of Namibia deserts degradation,no data,Africa,yes ,no data,, ,,,,, , , , , ,
102,Assessing the restoration potential of altered rangeland ecosystems in the Interior Columbia Basin,restoration of Columbia Basin,report,USA,yes ,no data,, ,,,,, , , , , ,
103,"Remediation of metalliferous mines, revegetation challenges and emerging prospects in semi-arid and arid conditions","remediation of metal-polluted sites, phytoremediation",no data,drylands,yes ,review,, ,,,,, , , , , ,
113,Restoration of floral diversity through plantations on abandoned agricultural land,compare diversity of tree plantations with native stands,field data,Canada,yes ,not drylands, , ,,,,, , , , , ,
116,Remote sensing for restoration planning: how the big picture can inform stakeholders,remotely sensed data for restoration planning,remotely sensed data,Hawai,yes ,not restoration, , ,,,,, , , , , ,
117,Rainwater harvesting for restoring degraded dry agro-pastoral ecosystems: A conceptual review of opportunities and constraints in a changing climate,review of micro-catchment rainwater harvesting,conceptual review,Jordan-Syria,yes ,review,, ,,,,, , , , , ,
122,Connectivity in dryland landscapes: Shifting concepts of spatial interactions,connectivity in drylands,conceptual review,drylands,yes ,review,, ,,,,, , , , , ,
123,Effects of wildfire on soil nutrients in Mediterranean ecosystems,changes in soil nutrient status of Mediterranean drylands affected by wildfires,review,Mediterranean,yes ,review,, ,,,,, , , , , ,
124,Ecotechnology as a tool for restoring degraded drylands: A meta-analysis of field experiments,ecotechnological tools on the establishment of seedlings employed in restoration,meta-analysis,drylands,yes ,review,, ,,,,, , , , , ,
125,"Ecohydrological interactions in a degraded two-phase mosaic dryland: Implications for regime shifts, resilience, and restoration",ecohydrological dynamics that govern the spread of a shrub into grasslands,field data,"Kenya, Africa",yes ,review,, ,,,,, , , , , ,
131,Weather-Centric Rangeland Revegetation Planning,weather-centric approach to restoration,no data,USA,yes ,not restoration,, ,,,,, , , , , ,
136,Plant functional diversity mediates the effects of vegetation and soil properties on community-level plant nitrogen use in the restoration of semiarid sandy grassland,N use along a restoration gradient ,"field data, App.",China,yes ,not restoration,, ,,,,, , , , , ,
137,Plant functional diversity enhances associations of soil fungal diversity with vegetation and soil in the restoration of semiarid sandy grassland,soil fungal diversity along a restoration gradient,"field data, App.",China,yes ,not restoration,, ,,,,, , , , , ,
138,Changes in carbon and nitrogen storage along a restoration gradient in a semiarid sandy grassland,C and N storage along a restoration gradient,field data,China,yes ,not restoration,, ,,,,, , , , , ,
140,The fate of seeds in the soil: A review of the influence of overland flow on seed removal and its consequences for the vegetation of arid and semiarid patchy ecosystems,transport of seeds by runoff,review,drylands,yes ,review,, ,,,,, , , , , ,
144,Restoration and Science: A Practitioner/Scientist's View from Rare Habitat Restoration at a Southern California Preserve,coastal sage scrub (CSS) restoration project,no data,"California, USA",yes ,review,, ,,,,, , , , , ,
150,Germination requirements of two sheep-preferred grasses (Hordeum comosum and Koeleria vurilochensis var. patagonica) from semiarid Patagonian steppes,germination conditions of palatable species,lab,Argentina,yes ,not restoration,, ,,,,, , , , , ,
156,The role of plant interactions in the restoration of degraded ecosystems: A meta-analysis across life-forms and ecosystems,facilitation meta-analysis for restoring ,meta-analysis,degraded habitats,yes ,not drylands, , ,,,,, , , , , ,
158,"Above- and belowground dynamics of plant community succession following abandonment of farmland on the Loess Plateau, China",aboveground and belowground characteristics of a secondary succession on abandoned croplands,field data,China,yes ,not drylands,, ,,,,, , , , , ,
159,Restoration ecology and invasive plants in the semiarid west,invasive plants focus,review,USA,yes ,review,, ,,,,, , , , , ,
163,Some Mediterranean plant species (Lavandula spp. and Thymus satureioides) act as potential 'plant nurses' for the early growth of Cupressus atlantica,mycorrhizal status of shrub species and their influence on the growth of a tree species,lab,Morocco,yes ,not restoration,, ,,,,, , , , , ,
165,Can the restoration of natural vegetation be accelerated on the Chinese Loess Plateau? A study of the response of the leaf carbon isotope ratio of dominant species to changing soil carbon and nitrogen levels,analyses of C and water use efficiency to accelerate restoration,lab,China,yes ,not restoration,, ,,,,, , , , , ,
172,Long-term trends in restoration and associated land treatments in the southwestern United States,"seeding, vegetation/soil manipulation, prescribed burn and invasive species treatments","dataset, App.",USA,yes ,review,, ,,,,, , , , , ,
173,Effects of propagule pressure and priority effects on seedling recruitment during restoration of invaded grassland,propagule pressure,experiments,"Oregon, USA",yes ,not restoration,, ,,,,, , , , , ,
174,Restoration islands: a tool for efficiently restoring dryland ecosystems?,restoration islands,no data,drylands,yes ,review,, ,,,,, , , , , ,
175,Increasing the germination envelope under water stress improves seedling emergence in two dominant grass species across different pulse rainfall events,seed dormancy and soil moisture for grass recruitment,Dryad,Australia,yes ,not restoration,, ,,,,, , , , , ,
176,"Non-trophic interactions in deserts: Facilitation, interference, and an endangered lizard species",positive non-thropic interactions of a foundation shrub species,"field data, App.","California, USA",yes ,not restoration,suggest planting shrubs, ,,,,, , , , , ,
177,"Challenges and limitations to native species restoration in the Great Basin, USA",describe past and future restoration practices,no data,USA,yes ,review,, ,,,,, , , , , ,
178,"Impacts on ecosystems, corrective restoration practices, and prospects for recovery: Nine case studies in the continental United States",restoration case studies,no data,USA,yes ,review,, ,,,,, , , , , ,
181,Changes in grass plant populations and temporal soil seed bank dynamics in a semi-arid African savanna: Implications for restoration,grazing and soil seed bank,field data,Africa,yes ,not restoration,, ,,,,, , , , , ,
183,Toward quantitative dryland restoration models,improve seedling establishment in restoration,no data,drylands,yes ,review,, ,,,,, , , , , ,
184,"Plant recruitment from the soil seed bank depends on topsoil stockpile age, height, and storage history in an arid environment",soil seed bank analysis of stockpiled topsoil,field and experiments,Australia,yes ,not restoration,, ,,,,, , , , , ,
185,Improving saltland revegetation through understanding the “recruitment niche”: potential lessons for ecological restoration in extreme environments,"recruitment niche, requirements for seed establishments","review, App.",Australia,yes ,review,, ,,,,, , , , , ,
186,Setting the scene for dryland recovery: an overview and key findings from a workshop targeting seed-based restoration,synthesis of seed and restoration technologies,no data,drylands,yes ,review,, ,,,,, , , , , ,
187,Emerging seed enhancement technologies for overcoming barriers to restoration,Seed enhancement technologies,no data,USA,yes ,review,, ,,,,, , , , , ,
189,To what extent can and should revegetation serve as restoration?,revegatation,no data,drylands,yes ,review,, ,,,,, , , , , ,
190,Interacting effects of grazing and habitat conditions on seedling recruitment and establishment,effects of grazing on seedling recruitment,"field data, App.",Czech Republic,yes ,not restoration,, ,,,,, , , , , ,
191,Effects of biological soil crust and water availability on seedlings of three perennial Patagonian species,biological soil crusts and germination of native plants,experiments,Argentina,yes ,not restoration,short communication, ,,,,, , , , , ,
192,Can biochar be used as a seed coating to improve native plant germination and growth in arid conditions?,effect of biochar seed coating on the germination and growth of native species ,experiments,USA,yes ,not restoration,, ,,,,, , , , , ,
196,Limitations to the use of facilitation as a restoration tool in arid grazed savanna: A case study,facilitation,"field data, App.",Tunisia,yes ,not restoration,a case study, ,,,,, , , , , ,
198,Plant-soil feedbacks and the partial recovery of soil spatial patterns on abandoned well pads in a sagebrush shrubland,"revegetation, soil spatial patterns (carbon) ","field data, App.",USA,yes ,not restoration,, ,,,,, , , , , ,
199,Effect of scarification and temperature on seed germination of two Mexican species of Mimosa (Leguminosae-Mimosoideae),scarification and temperature on seed germination of plants ,experiments,Mexico,yes ,not restoration,, ,,,,, , , , , ,
200,Endemic shrubs in temperate arid and semiarid regions of northern China and their potentials for rangeland restoration,niches of nurse endemic plants,field data,China,yes ,not restoration,, ,,,,, , , , , ,
201,Assisting Non-Soil Experts to Identify Soil Types for Land Management to Support Restoration of Arid Rangeland Native Vegetation in Kuwait,soil identification key,dataset,Kuwait,yes ,not restoration,, ,,,,, , , , , ,
203,How can we take advantage of halophyte properties to cope with heavy metal toxicity in salt-affected areas?,Halophytic plant species to extract or stabilize pollutants,no data,drylands,yes ,review,, ,,,,, , , , , ,
205,"Densities of ecological replacement herbivores required to restore plant communities: A case study of giant tortoises on Pinta Island, Galápagos",tortoise replacements and interaction with woody plants,"field data, App.",Galapagos Archipelago,yes ,model,, ,,,,, , , , , ,
208,Evaluating the effect of rainfall variability on vegetation establishment in a semidesert grassland,vegetation establishment based on a land surface model,model,"Arizona, USA",yes ,not restoration,, ,,,,, , , , , ,
215,Annual-perennial plant relationships and species selection for desert restoration,exotic annual plant abundance among native perennial plants and interspace,no data,USA,yes ,review,, ,,,,, , , , , ,
216,"Recovery of plant species, richness and composition in abandoned grassland in arid region",vegetative cover types after cultivation abandonment,field data,Jordan,yes ,not restoration, , ,,,,, , , , , ,
217,Testing the stress-gradient hypothesis during the restoration of tropical degraded land using the shrub rhodomyrtus tomentosa as a nurse plant,nurse plants,field data,China,yes ,not drylands,, ,,,,, , , , , ,
222,"Influence of vegetation factors on biological soil crust cover on rehabilitated grassland in the hilly Loess Plateau, China",grassland effect on biotic soil crusts,field data,China,yes ,not restoration,, ,,,,, , , , , ,
224,"Ecohydrological feedback as a land restoration tool in the semi-arid Brigalow Belt, QLD, Australia",plant community traits and soil water dynamics,App.supplementary data,Australia,yes ,not restoration,, ,,,,, , , , , ,
225,Grazing exclosure and plantation: A synchronic study of two restoration techniques improving plant community and soil properties in arid degraded steppes (Algeria),grazing exclosure and plantations,"field data, App.",Algeria,yes ,review, , ,,,,, , , , , ,
226,Tailoring conservation agriculture technologies to West Africa semi-arid zones: Building on traditional local practices for soil restoration,Conservation Agriculture,no data,Africa,yes ,no data,, ,,,,, , , , , ,
227,The role of ex situ seed banks in the conservation of plant diversity and in ecological restoration in Latin America,ex situ seed banks for the conservation and reintroduction of threatened species,no data,Latin America,yes ,no data,, ,,,,, , , , , ,
228,"Effects of seed beetles on the performance of desert legumes depend on host species, plant stage, and beetle density",effects of Bruchine seed beetles on the germination and growth of two legumes,experiments,USA,yes ,not restoration,, ,,,,, , , , , ,
234,Grass seedling demography and sagebrush steppe restoration,"Seeding, evaluation of establishment",field data,USA,yes ,not restoration, , ,,,,, , , , , ,
236,Ecology and functional roles of biological soil crusts in semi-arid ecosystems of Spain,Biological soil crusts,review,Spain,yes ,review,, ,,,,, , , , , ,
237,Ecological and functional roles of mycorrhizas in semi-arid ecosystems of Southeast Spain,mycorrhizal inoculation,review,Spain,yes ,review,, ,,,,, , , , , ,
249,"Are we ""missing the boat"" on preventing the spread of invasive plants in rangelands?",restoring native plant communities invaded by exotic plants,no data,invaded areas,yes ,no data,, ,,,,, , , , , ,
257,Restoring degraded landscapes in lowland Namaqualand: Lessons from the mining experience and from regional ecological dynamics,restoration in the Namaqualand coastline,no data,Africa,yes ,no data,, ,,,,, , , , , ,
258,"Phytomass and plant functional diversity in early restoration of the degraded, semi-arid grasslands in northern China",grazing exclusion,experiments,China,yes ,not restoration,, ,,,,, , , , , ,
260,Native seed collection and use in arid land reclamation: A low-tech approach,collection of native seeds for reclamation,no data,arid areas,yes ,no data,, ,,,,, , , , , ,
261,"Islands, exotic herbivores, and invasive plants: Their roles in Coastal California restoration",introduced herbivore removal,experiments,"California, USA",yes ,not drylands,, ,,,,, , , , , ,
265,Practical measures in arid land restoration after mining - A review for the southern Namib,restoration after mining,no data,Africa,yes ,review,, ,,,,, , , , , ,
266,Alternative irrigation systems for arid land restoration,irrigation systems,no data,"California, USA",yes ,review,, ,,,,, , , , , ,
270,Restoration and rehabilitation of arid and semiarid mediterranean ecosystems in north africa and west asia: A review,review of applied restoration techniques,review,Africa,yes ,review,, ,,,,, , , , , ,
272,"Restoration and Rehabilitation of Degraded Ecosystems in Arid and Semi?Arid Lands. II. Case Studies in Southern Tunisia, Central Chile and Northern Cameroon","general modes for restoration, rehabilitation and reallocation",no data,South countries,yes ,no data,, ,,,,, , , , , ,
273,Mycorrhizae and rehabilitation of disturbed arid soils: Processes and practices,restoring the symbiosis of Vesicular-arbuscular mycorrhizae ,no data,arid areas,yes ,no data,, ,,,,, , , , , ,
